{
  "bot_challenge": {
    "precision": 0.058823529411764705,
    "recall": 0.5,
    "f1-score": 0.10526315789473684,
    "support": 4,
    "confused_with": {
      "goodbye": 2
    }
  },
  "goodbye": {
    "precision": 0.2,
    "recall": 0.16666666666666666,
    "f1-score": 0.1818181818181818,
    "support": 6,
    "confused_with": {
      "bot_challenge": 4,
      "greet": 1
    }
  },
  "mood_unhappy": {
    "precision": 0.0,
    "recall": 0.0,
    "f1-score": 0.0,
    "support": 7,
    "confused_with": {
      "bot_challenge": 4,
      "greet": 3
    }
  },
  "affirm": {
    "precision": 0.0,
    "recall": 0.0,
    "f1-score": 0.0,
    "support": 6,
    "confused_with": {
      "bot_challenge": 5,
      "goodbye": 1
    }
  },
  "greet": {
    "precision": 0.25,
    "recall": 0.3333333333333333,
    "f1-score": 0.28571428571428575,
    "support": 6,
    "confused_with": {
      "bot_challenge": 3,
      "goodbye": 1
    }
  },
  "mood_great": {
    "precision": 0.0,
    "recall": 0.0,
    "f1-score": 0.0,
    "support": 6,
    "confused_with": {
      "bot_challenge": 6
    }
  },
  "product_inquiry": {
    "precision": 0.0,
    "recall": 0.0,
    "f1-score": 0.0,
    "support": 4,
    "confused_with": {
      "bot_challenge": 4
    }
  },
  "deny": {
    "precision": 0.0,
    "recall": 0.0,
    "f1-score": 0.0,
    "support": 8,
    "confused_with": {
      "bot_challenge": 6,
      "greet": 2
    }
  },
  "accuracy": 0.10638297872340426,
  "macro avg": {
    "precision": 0.06360294117647058,
    "recall": 0.125,
    "f1-score": 0.07159945317840055,
    "support": 47
  },
  "weighted avg": {
    "precision": 0.06245306633291615,
    "recall": 0.10638297872340426,
    "f1-score": 0.06864356248454792,
    "support": 47
  },
  "micro avg": {
    "precision": 0.10638297872340426,
    "recall": 0.10638297872340426,
    "f1-score": 0.10638297872340426,
    "support": 47
  }
}